<?xml version="1.0" encoding="utf-8"?>
<odoo>
    <data>

        <record id="clear_messagebank" model="ir.cron">
            <field name="name">Clear Messagebank</field>
            <field name="model_id" ref="voip_sip_webrtc.model_voip_call"/>
            <field name="state">code</field>
            <field name="code">model.clear_messagebank()</field>
            <field name="interval_number">24</field>
            <field name="interval_type">hours</field>
            <field name="numbercall">-1</field>
            <field name="active" eval="True" />
        </record>

    </data>
</odoo>